Company Name,Hourly Rate
Pearl Hospitality LLC,0.0
Shri Guru Om Inc,0.0
276 Old Country Road LLC,0.0
Impact Wireless LLC,0.0
Deluxe Services USA Inc,0.0
SM Auto Tech Inc,0.0
Venus Auto Parts Inc,0.0
Venus Realty Group LLC,0.0
Krishs Indian Bistro Corp,0.0
Lisas Crown Fried Chicken,0.0
Bns Industries Inc,0.0
S&S Sports Inc,0.0
Gip Industries Inc,0.0
Hottest Footwear Com Inc,0.0
Hicksville Chaap LLC,0.0
Giapreet LLC,0.0
Giorgio West LLC,0.0
Ikta Lifestyle LLC,0.0
Singh Management LLC,0.0
As Sports 46 Inc,0.0
Scratch Sports Inc,0.0
Ss Coffee Farmingdale Inc,0.0
Mad Kicks LLC,0.0
BVS Inc,0.0
Fresh Food Group LLC,0.0
Royal Blue Property 15 LLC,0.0
Royal Blue Property 7 LLC,0.0
905 Waverly Realty LLC,0.0
Gadgets LLC,0.0
Zupple LLC,0.0
Guru Nanak'S Kitchen Inc.,0.0
145 Main Patterson LLC,0.0
229 Broadhollow Realty LLC,0.0
Amritapriya LLC,0.0
101 Chaap LLC,0.0
741 Motor Cars LLC,0.0
Crimson Nova Inc,0.0
Silver Ember Inc,0.0
Velvet Horizon Inc,0.0
1467 Annandale Realty LLC,0.0
Air America Drones LLC,0.0
Dab Clean LLC,0.0
Pgi Technologies LLC,0.0
Safeguard Singh Management,0.0
Realty G,0.0
Sidanas Inc,0.0
749 Farmingdale Realty LLC,0.0
Royal Blue Property 19 LLC,0.0
19962 Franz Rd Realty LLC,0.0
905 Land Realty LLC,0.0
Hillside Chaap LLC,0.0
65 Mahan Realty LLC,0.0
Starbucks,0.0
S&S Sports Inc (Ny),0.0
S&S Sports Inc (Ny) (Whoesale),0.0
Cafe Di Mondo Inc,0.0
Francescos Cafe & BakeryInc,0.0
Moonbucks Inc,0.0
P&F Bakers Inc,0.0
South Broadway Realty Enterprises,0.0
AGRO BUSINEES GROUP,0.0
The Barkary Bakery Corp,0.0
The Barkary Corp,0.0
The Barking Bakery Corp,0.0
Cafe Di Sole Inc,0.0
Grand Cafe Bakery Inc,0.0
Farmington Hari LLC,0.0
New Shs Properties LLC,0.0
Shs Properties Inc,0.0
Sky Hari LLC,0.0
St Hari Apartments LLC,0.0
St Hari Properties Inc,0.0
Us Hari Properties Inc,0.0
Shs Auto Parts Inc,0.0
831 Building LLC,0.0
Caprio & Caprio LLC,0.0
NI Mobile Inc,0.0
Avis Property LLC,0.0
Sugar Cell Inc,0.0
Avin Builders Inc,0.0
Dove Street LLC,0.0
New Land Estate Inc,0.0
Om Paving Corp,0.0
New York Cardiovascular Care PC,0.0
TRJRes Inc,0.0
LI Investors LLC,0.0
TRJ Associates Group LLC,0.0
Tammy Management Inc,0.0
Blue Coral NY Inc,0.0
Pooja Fashion & Style Inc,0.0
Pooja Stitch Craft Inc,0.0
609 Fulton Pediatrics PC,0.0
Fulton Avenue Realty LLC,0.0
Charan Electrical Enterprises,0.0
Minesh Properties Inc,0.0
New Generation Development LLC,0.0
Astoria Delancy Hotel Corp,0.0
Central NY Hospitality LLC,0.0
Crown City Hospitality LLC,0.0
Anastasio Landscaping Inc,0.0
Anshima Homes LLC,0.0
Horizon Star Services LLC,0.0
Eesha Inc,0.0
Addvanced Carpentry Inc,0.0
Deep Distributors Greator Ny Inc,0.0
Golden Touch Ice Cream Inc,0.0
Guru Fashions Inc,0.0
John Auto Center Inc,0.0
M&M Builders & Developers Inc,0.0
Om Paving Inc,0.0
Paramount Wireless LLC,0.0
SHS Auto Parts Inc,0.0
Andrew Maintance Inc,0.0
4Th Avenue Real Estate Inc,0.0
7508 Chicken Corp,0.0
Fourth Avenue Merchant Inc,0.0
Futurewise Insurance Brokerage Corp,0.0
Liu Electric LLC,0.0
Royal Star Insurance Brokerage Corp,0.0
Scott Group Insurance Brokerage Corp,0.0
Futurewise Business Inc,0.0
Total Wireless Of New England Inc,0.0
Brewer Hotel LLC,0.0
Pinnacle Mobility LLC,0.0
Pinnacle Mobility Retail Inc,0.0
Stellar Wireless Retail Ny Inc,0.0
Superior Victory Hotel LLC,0.0
Cafe Dolce Vita Corp,0.0
Green Keeper Landscaping LLC,0.0
Gyan Malhotra LLC,0.0
Kama Hospitality Inc,0.0
Vita Food Corp,0.0
Frienldy Star Fuel Inc,0.0
Cute Cuts Inc,0.0
Home Improvment By George Corp,0.0
Jackson Plumbing & Hvac Supplies Corp,0.0
Prime Construction Usa Inc,0.0
Belleville Oil Inc,0.0
Jamaica Fuel Inc,0.0
Jersey Mart Inc,0.0
Ks Fuel Inc,0.0
Remsen Fuel Inc,0.0
Rt Fuel Inc,0.0
Tatla Gas Inc,0.0
Tatla Petroleum Inc,0.0
Wallington Gas Inc,0.0
Yuvi Gas Inc,0.0
Sai Express Inc,0.0
On Balance Search Consultants LLC,0.0
Minesh Properties LLC,0.0
Hudson View Films & Tv Inc,0.0
Sai Restaurant Enterprise Inc,0.0
The Pearl Hospitality LLC,0.0
Avleen Food Group LLC,0.0
MG Elite Group LLC,0.0
Hickville Jewelry Traders Inc,0.0
Advantage Pro Training Inc,0.0
AG Parts USA Inc,0.0
Gizmotech LLC,0.0
Js Sethi Inc,0.0
Shree BhadraKali Inc,0.0
Singh Sethi Inc,0.0
Glamour Usa Inc,0.0
Indian Street Food LLC,0.0
Law Office Of Abe George,0.0
Ramos Consulting Inc,0.0
Reliance Fashion Group Inc,0.0
Shawarma Paradise LLC,0.0
Superride Suspension Inc,0.0
Rajdeep Enterprises LLC,0.0
Good Faith Restaurant Incorporated,0.0
A & P Auto Body & Repair Inc,0.0
Azhar Construction Inc,0.0
120 Osborn Holding LLC,0.0
BWI 827 LLC,0.0
Sunraise Equity Group LLC,0.0
Thatford Lodging LLC,0.0
Best Management Solutions Inc,0.0
Xtreme Realty Holding LLC,0.0
Xtreme Solutioons Services Corp,0.0
Osborn Operating Hospitality Corp,0.0
Thatford Operating Hospitality Corp,0.0
ABM Electric Inc,0.0
Blue Falcon Realty & Management Corp,0.0
Jot Realty Inc,0.0
Maryland Hospitality LLC,0.0
BWI-NY Builders LLC,0.0
Jackson Plumbing & HVAC Supplies Co,0.0
144 Investors LLC,0.0
165 Investors LLC,0.0
Umbrella Investors LLC,0.0
262 Investors LLC,0.0
33 Investors LLC,0.0
38th Avenue Hotels LLC,0.0
39th Avenue Hospitality LLC,0.0
Deep Distibutors Greater NY Inc,0.0
Green Ready Mixx LLC,0.0
78 Investors LLC,0.0
Supreme Builders Inc,0.0
Hunts Point Petroleum LLC,0.0
Dala Builders Corp,0.0
3290 Realty LLC,0.0
Sunny Developers LLC,0.0
Anthonys Insulation Corp,0.0
Dynamic Capital LLC,0.0
261-09 Hillside Avenue LLC,0.0
261-11 Hillside Avenue LLC,0.0
A And N Hospitality LLC,0.0
Langdale Realty LLC,0.0
Braddock Investors LLC,0.0
Fourth Avenue Merchants Inc,0.0
LIU Electric LLC,0.0
Glen Oaks Liquor Inc,0.0
Dynamic Builders Us Inc,0.0
Dynamic Cellular Inc,0.0
LI Investors Group,0.0
TRJ Associates Group,0.0
TRJ Developers,0.0
Direct Source Solutions,0.0
10 Dix Hills LLC,0.0
11 Bethpage LLC 47,0.0
10 East Isllip LLC,0.0
10 Westbury LLC,0.0
10 East Meadow LLC,0.0
1073 Westminster LLC,0.0
10 Huntington LLC,0.0
68 Harrison LLC New,0.0
Balen CGA,0.0
10 Floral Ave LLC,0.0
10 Lakeville Drive LLC,0.0
1010 Jerusalem Ave LLC,0.0
10 Miami NY LLC,0.0
68 Dryden ST LLC,0.0
118 Ryder Avenue LLC,0.0
28 Parkway BLVD LLC,0.0
460 Jefferson LLC,0.0
76 Abey LLC,0.0
120 - 06 135th ST LLC,0.0
10 N Babylon - 160 Kime,0.0
36 Sycamore LLC,0.0
Trj Hospitality Group Inc,0.0
Dress Your Home LLC,0.0
26 Parkway LLC,0.0
JR Property Group LLC,0.0
Jordan 3 LLC,0.0
Hicks 37 LLC,0.0
141 MYERS AVENUE LLC,0.0
Bay Shore 10 LLC,0.0
Hunter 8 LLC,0.0
Bay 39 LLC,0.0
Brooker 37 LLC,0.0
Central 10 LLC,0.0
Amityville Gn LLC,0.0
Coram Westfield LLC,0.0
Central 12 LLC,0.0
Central 14 LLC,0.0
Central 13 LLC,0.0
Islip 10 LLC,0.0
Copiague 10 LLC,0.0
Amityville 10 LLC,0.0
"Law office of Abe George, PC",0.0
TVM Group LLC,0.0
IL Fornaretto II LLC,0.0
IL Fornaretto III LLC,0.0
Les Fine Wine & Spirit LLC,0.0
Universal Hotel LLC,0.0
Guru Fashion Inc,0.0
Sai Restaurant Enterprises Inc,0.0
Sai Enterprises Inc,0.0
Milos & Milson Inc,0.0
Juno Development LLC,0.0
Insurance Professional Agency Inc,0.0
Delphis Equipment and Trucking Inc,0.0
Insurance Pros Agency Inc (Florida),0.0
Hudson View Film & TV Inc,0.0
Home Improvement By George Corp,0.0
Ramos Consulting Services Inc,0.0
Cute Cuts 2 Inc,0.0
Deluxe Service USA Inc,0.0
148 Meriline Ave LLC,0.0
2004 Caddo Street LLC,0.0
United Group Retail LLC,0.0
World Realty LLC,0.0
Lisa's Crown Fried Chicken Inc,0.0
Krish's Indian Bistro Corp,0.0
NBS Distribuiton LLC,0.0
On Balance Search Consultant LLC,0.0
NS Consulting Group LLC,0.0
NS Hospitality LLC,0.0
NS Realty 294 LLC,0.0
Metro Management Solutions NY LLC,0.0
Pinnacle Mobility NY Inc,0.0
Sabharwal Properties 2 LLC,0.0
Star Connect Group LLC,0.0
Total Wireless of FL Inc,0.0
NS Mobility Inc,0.0
Tottallink Florida Inc,0.0
Mobile USA Inc,0.0
Singhsethi Inc(Noor),0.0
Kama Hospitality LLC,0.0
23 Fire Place LLC,0.0
Cinnamon Kitchen LLC,0.0
Dawn Staffing Solution Inc,0.0
Garnet Shipping Inc,0.0
Carlux Limo Inc,0.0
Carlux Limo Worldwide Inc,0.0
Venus 1919 Deer Park Ave LLC,0.0
Entreprenaari LLC,0.0
Kayaan Services Inc,0.0
Kriti Services Inc,0.0
Aurum By Teesha,0.0
US Executive Limo Inc,0.0
Preet Construction Group LTD,0.0
Bala Fitness of Jerome,0.0
Bala Fitness of Third Avenue LLC,0.0
New York Masonry & Renovation Inc,0.0
Troy Installer Inc,0.0
Green World Distribution Inc,0.0
Axis My America Inc,0.0
Virk US Limo Inc,0.0
Harsh Multani Limo Inc,0.0
Online Shoppers World LLC,0.0
ConnectQuo LLC,0.0
Fatma Shamsi Inc,0.0
Kaftech GI Construction Inc,0.0
Kafetech Inc,0.0
Jewel Junction Inc,0.0
JCR Fitness LLC,0.0
KNK Distributors Inc,0.0
Sunlab Contractor Inc,0.0
United City Contracting Inc,0.0
Empyrean Global Limited Company,0.0
A&P Auto Body & Repair Inc,0.0
Andrew Maintenance Inc,0.0
Arvat Services Inc,0.0
Brand Sales Network Inc,0.0
Swami Contracting Inc,0.0
Hillside Avenue 23504 LLC,0.0
Bony Car Services Corp,0.0
Arkon Builders LLC,0.0
Divine Craft By Himalayas Inc,0.0
Accounting Tax and Business Solution Inc,0.0
Deepreet LLC,0.0
IT Palace,0.0
Ezetop Inc,0.0
BAC Express Incorporated,0.0
Farmingdale Partner LLC,0.0
At Play Amusements Inc,0.0
Farmingdale Food Court Inc,0.0
Maribella LLC,0.0
Oak Knowledge LLC,0.0
Nest Group LLC,0.0
Apollo Telecom Inc,0.0
Ascan Street Inc,0.0
A&H Equity Partners Inc,0.0
Turingtech LLC,0.0
Just Code Inc,0.0
Mila Ventures Corp,0.0
MY Own Brew LLC,0.0
Pelican Restaurant Inc,0.0
Voguish Couture Inc,0.0
Blissful Aesthetics Inc,0.0
Profusion Solar LLC,0.0
Green Keepar Landscaping LLC,0.0
Eric Harris Art Inc,0.0
Bulldozer Hospitality Group Inc,0.0
Rockwell 77 LLC,0.0
Prime Ten LLC,0.0
Prime Twelve LLC,0.0
American Standard Hospitality Group,0.0
Imani Express Inc,0.0
Rock 51 LLC,0.0
Prime 107 Inc,0.0
Bulldozer Nyc LLC,0.0
Hari Dev Inc,0.0
Hari Ram Inc,0.0
Coco & Maui Corp,0.0
Hare Krishna Wappingers LLC,0.0
Kunj Bihari LLC,0.0
A&N Food Group LLC,0.0
Good Faith Restaurants Inc,0.0
Loroda LLC,0.0
Bruzz LLC,0.0
Myra Group Inc,0.0
All Season Contractors Corp,0.0
Restore & Elevate Nutrition Corp,0.0
Superior Van Wyck Hotel LLC,0.0
Horizon Star Fuel Inc,0.0
New Generation Astoria LLC,0.0
Get My Rugs LLC,0.0
Kika Home Collections Inc,0.0
BBH Homes LLC,0.0
1028 Capital LLC,0.0
Jackson Jewelry Group Inc,0.0
Hicksville Jewelry Traders Inc,0.0
Vasudeva LLC,0.0
